"method","beta1","loo_mse","g3_emp"
"OLS",0.865077720207253,0.207034895182955,1
"PMM3",0.796500858357423,0.202188664325044,0.57025488375301
"MLE-TN",0.752587868136599,0.210941714136314,0.746343615034677
