"method","mean","sd","q025","q975","na_pct","g3_empirical"
"OLS",-0.803103619938501,0.055660867109376,-0.907443872117044,-0.685420853568673,0,1
"PMM2",-0.836040442986955,0.0582108146902213,-0.938001663669129,-0.705116609614635,0,1.09372318790625
"PMM3",-0.813028052328958,0.0649124323342902,-0.938710060059433,-0.685904989180745,0,1.36005299268304
"MLE_TN",-0.808249362478033,0.0602975150307409,-0.932348784149851,-0.692624447311866,0.35,1.17354269263256
