"method","loo_mse","rel_loo"
"OLS",0.0349761380429324,1
"PMM2",NA,NA
"PMM3",0.0354138748264091,1.0125152977993
"MLE_TN",0.0350844164702479,1.0030957799624
