"distribution","n","are_mle","are_pmm3","bias_mle","bias_pmm3","na_pct_mle","na_pct_pmm3"
"uniform",100,1.65470893815518,1,-0.00359908034175027,-0.00359290923710498,0,0
"triangular",100,0.968732683111264,1,-0.0036440704104379,-0.00269754016689117,0,0
"logistic",100,0.994313998894449,1,-0.00134862134071967,-0.00134392202666489,0,0
"student10",100,0.981908319208324,1,0.00806248343091465,0.00853915319726406,0,0
