"lambda","is_bimodal","bias_pmm3","conv_rate","mean_iter","na_pct"
0.8,FALSE,-0.0035023679797983,1,0,0
1,FALSE,0.00500719748305523,1,0,0
1.2,TRUE,-0.000586529438198813,1,0,0
1.5,TRUE,0.00698768603474687,1,0,0
2,TRUE,-0.0189811617877531,1,0,0
3,TRUE,-0.0218904270662001,1,0,0
