"method","mean","sd","q025","q975","na_pct","g3_empirical"
"OLS",1.30744644507495,0.0116241571476856,1.28389580673582,1.3295368722259,0,1
"PMM2",1.30853722703543,0.0118403808753617,1.28571852976072,1.33168457885666,0,1.03754848451268
"PMM3",1.30719904630276,0.0118469940082203,1.28313342541978,1.33024884832669,0,1.03870779892789
"MLE_TN",1.30722454051749,0.0113770570133935,1.28563715825359,1.33046239249352,0,0.957936946354157
