"method","loo_mse","rel_ols"
"OLS",6.88853076679952,1
"PMM2",6.88907049829253,1.00007835219313
"PMM3",6.88853076679952,1
"MLE_TN",6.88775437063952,0.999887291472408
