"model","method","gamma3","gamma4","g3_theor","g3_emp","delta_boot_pct","loo_mse","rel_ols"
"seasonal_regression","OLS",0.407535733978829,-0.580106229694817,0.89883618526326,1,0,2.96279877553219,1
"seasonal_regression","PMM2",0.407535733978829,-0.580106229694817,0.89883618526326,3.25996664600813,225.996664600813,3.07660642829149,1.03841221135204
"seasonal_regression","PMM3",0.407535733978829,-0.580106229694817,0.89883618526326,0.980202098799234,-1.97979012007659,2.96279877553219,1
"seasonal_regression","MLE_TN",0.407535733978829,-0.580106229694817,0.89883618526326,0.996578279526092,-0.342172047390799,2.96099938426339,0.999392671792745
