"model","method","gamma3","gamma4","g3_theor","g3_emp","delta_boot_pct","loo_mse","rel_ols"
"seasonal_regression_2harm","OLS",0.47292733193929,-0.687627165751274,0.859832268805096,1,0,2.68604911301798,1
"seasonal_regression_2harm","PMM2",0.47292733193929,-0.687627165751274,0.859832268805096,1275.87107435188,127487.107435188,3.16386060171092,1.17788635597809
"seasonal_regression_2harm","PMM3",0.47292733193929,-0.687627165751274,0.859832268805096,1.00276273723388,0.27627372338781,2.68604911301798,1
"seasonal_regression_2harm","MLE_TN",0.47292733193929,-0.687627165751274,0.859832268805096,1.00987471382545,0.987471382545291,2.68615372236525,1.00003894543356
